<?xml version="1.0"?>
<ParticleEffect xmlns:xsi="http://www.w3.org/2001/XMLSchema-instance" xmlns:xsd="http://www.w3.org/2001/XMLSchema">
  <Name>LaserExplosion</Name>
  <Position>
    <X>0</X>
    <Y>0</Y>
  </Position>
  <ParticleSystems>
    <ParticleSystem>
      <Name>Smoke</Name>
      <ParticleCount>36</ParticleCount>
      <ParticlesPerSecond>256</ParticlesPerSecond>
      <Duration>1</Duration>
      <InitialDelay>0</InitialDelay>
      <TextureName>Textures/Particles/smoke</TextureName>
      <BlendMode>AlphaBlend</BlendMode>
      <Position>
        <X>0</X>
        <Y>0</Y>
      </Position>
      <Color>
        <X>0.5019608</X>
        <Y>0.5019608</Y>
        <Z>0.5019608</Z>
        <W>1</W>
      </Color>
      <VelocityMinimum>4</VelocityMinimum>
      <VelocityMaximum>8</VelocityMaximum>
      <AccelerationMinimum>-1</AccelerationMinimum>
      <AccelerationMaximum>-2</AccelerationMaximum>
      <ScaleMinimum>0.07</ScaleMinimum>
      <ScaleMaximum>0.12</ScaleMaximum>
      <OpacityMinimum>0.5</OpacityMinimum>
      <OpacityMaximum>0.75</OpacityMaximum>
      <DurationMinimum>1</DurationMinimum>
      <DurationMaximum>1</DurationMaximum>
      <ReleaseAngleMinimum>0</ReleaseAngleMinimum>
      <ReleaseAngleMaximum>360</ReleaseAngleMaximum>
      <ReleaseDistanceMinimum>0</ReleaseDistanceMinimum>
      <ReleaseDistanceMaximum>6</ReleaseDistanceMaximum>
      <ScaleDeltaPerSecond>0</ScaleDeltaPerSecond>
      <AngularVelocity>1.5</AngularVelocity>
      <OpacityDeltaPerSecond>-0.3</OpacityDeltaPerSecond>
    </ParticleSystem>
  </ParticleSystems>
</ParticleEffect>