<?xml version="1.0"?>
<ParticleEffect xmlns:xsi="http://www.w3.org/2001/XMLSchema-instance" xmlns:xsd="http://www.w3.org/2001/XMLSchema">
  <Name>MineExplosion</Name>
  <Position>
    <X>0</X>
    <Y>0</Y>
  </Position>
  <ParticleSystems>
    <ParticleSystem>
      <Name>Fire</Name>
      <ParticleCount>128</ParticleCount>
      <ParticlesPerSecond>2048</ParticlesPerSecond>
      <Duration>2</Duration>
      <InitialDelay>0</InitialDelay>
      <TextureName>Textures/Particles/particle</TextureName>
      <BlendMode>Additive</BlendMode>
      <Position>
        <X>0</X>
        <Y>0</Y>
      </Position>
      <Color>
        <X>1</X>
        <Y>0.3019608</Y>
        <Z>0.0654902</Z>
        <W>1</W>
      </Color>
      <VelocityMinimum>48</VelocityMinimum>
      <VelocityMaximum>64</VelocityMaximum>
      <AccelerationMinimum>-4</AccelerationMinimum>
      <AccelerationMaximum>-16</AccelerationMaximum>
      <ScaleMinimum>0.2</ScaleMinimum>
      <ScaleMaximum>0.3</ScaleMaximum>
      <OpacityMinimum>0.5</OpacityMinimum>
      <OpacityMaximum>1</OpacityMaximum>
      <DurationMinimum>2</DurationMinimum>
      <DurationMaximum>2</DurationMaximum>
      <ReleaseAngleMinimum>0</ReleaseAngleMinimum>
      <ReleaseAngleMaximum>360</ReleaseAngleMaximum>
      <ReleaseDistanceMinimum>0</ReleaseDistanceMinimum>
      <ReleaseDistanceMaximum>8</ReleaseDistanceMaximum>
      <AngularVelocity>0</AngularVelocity>
      <ScaleDeltaPerSecond>0.5</ScaleDeltaPerSecond>
      <OpacityDeltaPerSecond>-0.5</OpacityDeltaPerSecond>
    </ParticleSystem>
    <ParticleSystem>
      <Name>Sparks</Name>
      <ParticleCount>64</ParticleCount>
      <ParticlesPerSecond>2048</ParticlesPerSecond>
      <Duration>2</Duration>
      <InitialDelay>0.05</InitialDelay>
      <TextureName>Textures/Particles/particle</TextureName>
      <BlendMode>Additive</BlendMode>
      <Position>
        <X>0</X>
        <Y>0</Y>
      </Position>
      <Color>
        <X>1</X>
        <Y>0.5</Y>
        <Z>0.1254902</Z>
        <W>1</W>
      </Color>
      <VelocityMinimum>48</VelocityMinimum>
      <VelocityMaximum>64</VelocityMaximum>
      <AccelerationMinimum>-32</AccelerationMinimum>
      <AccelerationMaximum>-32</AccelerationMaximum>
      <ScaleMinimum>0.1</ScaleMinimum>
      <ScaleMaximum>0.2</ScaleMaximum>
      <OpacityMinimum>0.25</OpacityMinimum>
      <OpacityMaximum>1</OpacityMaximum>
      <DurationMinimum>2</DurationMinimum>
      <DurationMaximum>2</DurationMaximum>
      <ReleaseAngleMinimum>0</ReleaseAngleMinimum>
      <ReleaseAngleMaximum>360</ReleaseAngleMaximum>
      <ReleaseDistanceMinimum>0</ReleaseDistanceMinimum>
      <ReleaseDistanceMaximum>0</ReleaseDistanceMaximum>
      <ScaleDeltaPerSecond>0</ScaleDeltaPerSecond>
      <AngularVelocity>0</AngularVelocity>
      <OpacityDeltaPerSecond>-0.5</OpacityDeltaPerSecond>
    </ParticleSystem>
  </ParticleSystems>
</ParticleEffect>