<?xml version="1.0"?>
<ParticleEffect xmlns:xsi="http://www.w3.org/2001/XMLSchema-instance" xmlns:xsd="http://www.w3.org/2001/XMLSchema">
  <Name>Rocket</Name>
  <Position>
    <X>0</X>
    <Y>0</Y>
  </Position>
  <ParticleSystems>
    <ParticleSystem>
      <Name>Smoke</Name>
      <ParticleCount>256</ParticleCount>
      <ParticlesPerSecond>64</ParticlesPerSecond>
      <Duration>3.40282347E+38</Duration>
      <InitialDelay>0</InitialDelay>
      <TextureName>Textures/Particles/smoke</TextureName>
      <BlendMode>AlphaBlend</BlendMode>
      <Position>
        <X>0</X>
        <Y>0</Y>
      </Position>
      <Color>
        <X>0.5019608</X>
        <Y>0.5019608</Y>
        <Z>0.5019608</Z>
        <W>1</W>
      </Color>
      <VelocityMinimum>8</VelocityMinimum>
      <VelocityMaximum>24</VelocityMaximum>
      <AccelerationMinimum>0</AccelerationMinimum>
      <AccelerationMaximum>0</AccelerationMaximum>
      <ScaleMinimum>0.25</ScaleMinimum>
      <ScaleMaximum>0.5</ScaleMaximum>
      <OpacityMinimum>0.75</OpacityMinimum>
      <OpacityMaximum>1</OpacityMaximum>
      <DurationMinimum>3</DurationMinimum>
      <DurationMaximum>3</DurationMaximum>
      <ReleaseAngleMinimum>0</ReleaseAngleMinimum>
      <ReleaseAngleMaximum>360</ReleaseAngleMaximum>
      <ReleaseDistanceMinimum>0</ReleaseDistanceMinimum>
      <ReleaseDistanceMaximum>0</ReleaseDistanceMaximum>
      <ScaleDeltaPerSecond>0.25</ScaleDeltaPerSecond>
      <AngularVelocity>1</AngularVelocity>
      <OpacityDeltaPerSecond>-0.5</OpacityDeltaPerSecond>
    </ParticleSystem>
    <ParticleSystem>
      <Name>Fire</Name>
      <ParticleCount>256</ParticleCount>
      <ParticlesPerSecond>128</ParticlesPerSecond>
      <Duration>3.40282347E+38</Duration>
      <InitialDelay>0</InitialDelay>
      <TextureName>Textures/Particles/particle</TextureName>
      <BlendMode>Additive</BlendMode>
      <Position>
        <X>0</X>
        <Y>0</Y>
      </Position>
      <Color>
        <X>1</X>
        <Y>0.5019608</Y>
        <Z>0.2509804</Z>
        <W>1</W>
      </Color>
      <VelocityMinimum>8</VelocityMinimum>
      <VelocityMaximum>12</VelocityMaximum>
      <AccelerationMinimum>0</AccelerationMinimum>
      <AccelerationMaximum>0</AccelerationMaximum>
      <ScaleMinimum>0.75</ScaleMinimum>
      <ScaleMaximum>1.0</ScaleMaximum>
      <OpacityMinimum>1</OpacityMinimum>
      <OpacityMaximum>1</OpacityMaximum>
      <DurationMinimum>1</DurationMinimum>
      <DurationMaximum>1.5</DurationMaximum>
      <ReleaseAngleMinimum>0</ReleaseAngleMinimum>
      <ReleaseAngleMaximum>360</ReleaseAngleMaximum>
      <ReleaseDistanceMinimum>0</ReleaseDistanceMinimum>
      <ReleaseDistanceMaximum>0</ReleaseDistanceMaximum>
      <ScaleDeltaPerSecond>0.25</ScaleDeltaPerSecond>
      <AngularVelocity>0</AngularVelocity>
      <OpacityDeltaPerSecond>-8</OpacityDeltaPerSecond>
    </ParticleSystem>
    <ParticleSystem>
      <Name>Sparks</Name>
      <ParticleCount>128</ParticleCount>
      <ParticlesPerSecond>40</ParticlesPerSecond>
      <Duration>3.40282347E+38</Duration>
      <InitialDelay>0</InitialDelay>
      <TextureName>Textures/Particles/spark</TextureName>
      <BlendMode>Additive</BlendMode>
      <Position>
        <X>0</X>
        <Y>0</Y>
      </Position>
      <Color>
        <X>1</X>
        <Y>1</Y>
        <Z>0.1254902</Z>
        <W>1</W>
      </Color>
      <VelocityMinimum>8</VelocityMinimum>
      <VelocityMaximum>12</VelocityMaximum>
      <AccelerationMinimum>0</AccelerationMinimum>
      <AccelerationMaximum>0</AccelerationMaximum>
      <ScaleMinimum>1.0</ScaleMinimum>
      <ScaleMaximum>1.0</ScaleMaximum>
      <OpacityMinimum>0.25</OpacityMinimum>
      <OpacityMaximum>1</OpacityMaximum>
      <DurationMinimum>3</DurationMinimum>
      <DurationMaximum>3</DurationMaximum>
      <ReleaseAngleMinimum>0</ReleaseAngleMinimum>
      <ReleaseAngleMaximum>360</ReleaseAngleMaximum>
      <ReleaseDistanceMinimum>0</ReleaseDistanceMinimum>
      <ReleaseDistanceMaximum>0</ReleaseDistanceMaximum>
      <ScaleDeltaPerSecond>0</ScaleDeltaPerSecond>
      <AngularVelocity>0</AngularVelocity>
      <OpacityDeltaPerSecond>-0.33</OpacityDeltaPerSecond>
    </ParticleSystem>
  </ParticleSystems>
</ParticleEffect>