<?xml version="1.0"?>
<ParticleEffect xmlns:xsi="http://www.w3.org/2001/XMLSchema-instance" xmlns:xsd="http://www.w3.org/2001/XMLSchema">
  <Name>ShipExplosion</Name>
  <Position>
    <X>0</X>
    <Y>0</Y>
  </Position>
  <ParticleSystems>
    <ParticleSystem>
      <Name>Wave</Name>
      <ParticleCount>1</ParticleCount>
      <ParticlesPerSecond>100</ParticlesPerSecond>
      <Duration>4</Duration>
      <InitialDelay>0</InitialDelay>
      <TextureName>Textures/Particles/particle</TextureName>
      <BlendMode>Additive</BlendMode>
      <Position>
        <X>0</X>
        <Y>0</Y>
      </Position>
      <Color>
        <X>0.7529412</X>
        <Y>0.627451</Y>
        <Z>0.5019608</Z>
        <W>1</W>
      </Color>
      <VelocityMinimum>0</VelocityMinimum>
      <VelocityMaximum>0</VelocityMaximum>
      <AccelerationMinimum>0</AccelerationMinimum>
      <AccelerationMaximum>0</AccelerationMaximum>
      <ScaleMinimum>0</ScaleMinimum>
      <ScaleMaximum>0</ScaleMaximum>
      <OpacityMinimum>0.75</OpacityMinimum>
      <OpacityMaximum>0.75</OpacityMaximum>
      <DurationMinimum>4</DurationMinimum>
      <DurationMaximum>4</DurationMaximum>
      <ReleaseAngleMinimum>0</ReleaseAngleMinimum>
      <ReleaseAngleMaximum>360</ReleaseAngleMaximum>
      <ReleaseDistanceMinimum>0</ReleaseDistanceMinimum>
      <ReleaseDistanceMaximum>0</ReleaseDistanceMaximum>
      <ScaleDeltaPerSecond>24</ScaleDeltaPerSecond>
      <AngularVelocity>0</AngularVelocity>
      <OpacityDeltaPerSecond>-0.5</OpacityDeltaPerSecond>
    </ParticleSystem>
    <ParticleSystem>
      <Name>Smoke</Name>
      <ParticleCount>320</ParticleCount>
      <ParticlesPerSecond>1024</ParticlesPerSecond>
      <Duration>4</Duration>
      <InitialDelay>0.25</InitialDelay>
      <TextureName>Textures/Particles/smoke</TextureName>
      <BlendMode>AlphaBlend</BlendMode>
      <Position>
        <X>0</X>
        <Y>0</Y>
      </Position>
      <Color>
        <X>0.5019608</X>
        <Y>0.5019608</Y>
        <Z>0.5019608</Z>
        <W>1</W>
      </Color>
      <VelocityMinimum>16</VelocityMinimum>
      <VelocityMaximum>128</VelocityMaximum>
      <AccelerationMinimum>-8</AccelerationMinimum>
      <AccelerationMaximum>-32</AccelerationMaximum>
      <ScaleMinimum>0.25</ScaleMinimum>
      <ScaleMaximum>0.5</ScaleMaximum>
      <OpacityMinimum>0.75</OpacityMinimum>
      <OpacityMaximum>1</OpacityMaximum>
      <DurationMinimum>4</DurationMinimum>
      <DurationMaximum>4</DurationMaximum>
      <ReleaseAngleMinimum>0</ReleaseAngleMinimum>
      <ReleaseAngleMaximum>360</ReleaseAngleMaximum>
      <ReleaseDistanceMinimum>0</ReleaseDistanceMinimum>
      <ReleaseDistanceMaximum>0</ReleaseDistanceMaximum>
      <ScaleDeltaPerSecond>0.75</ScaleDeltaPerSecond>
      <AngularVelocity>1.5</AngularVelocity>
      <OpacityDeltaPerSecond>-0.25</OpacityDeltaPerSecond>
    </ParticleSystem>
    <ParticleSystem>
      <Name>Fire</Name>
      <ParticleCount>512</ParticleCount>
      <ParticlesPerSecond>2048</ParticlesPerSecond>
      <Duration>4</Duration>
      <InitialDelay>0.1</InitialDelay>
      <TextureName>Textures/Particles/particle</TextureName>
      <BlendMode>Additive</BlendMode>
      <Position>
        <X>0</X>
        <Y>0</Y>
      </Position>
      <Color>
        <X>1</X>
        <Y>0.5019608</Y>
        <Z>0.1254902</Z>
        <W>1</W>
      </Color>
      <VelocityMinimum>16</VelocityMinimum>
      <VelocityMaximum>128</VelocityMaximum>
      <AccelerationMinimum>-8</AccelerationMinimum>
      <AccelerationMaximum>-32</AccelerationMaximum>
      <ScaleMinimum>0.5</ScaleMinimum>
      <ScaleMaximum>0.75</ScaleMaximum>
      <OpacityMinimum>0.25</OpacityMinimum>
      <OpacityMaximum>0.75</OpacityMaximum>
      <DurationMinimum>4</DurationMinimum>
      <DurationMaximum>4</DurationMaximum>
      <ReleaseAngleMinimum>0</ReleaseAngleMinimum>
      <ReleaseAngleMaximum>360</ReleaseAngleMaximum>
      <ReleaseDistanceMinimum>0</ReleaseDistanceMinimum>
      <ReleaseDistanceMaximum>0</ReleaseDistanceMaximum>
      <ScaleDeltaPerSecond>2.5</ScaleDeltaPerSecond>
      <AngularVelocity>0</AngularVelocity>
      <OpacityDeltaPerSecond>-0.5</OpacityDeltaPerSecond>
    </ParticleSystem>
    <ParticleSystem>
      <Name>Sparks</Name>
      <ParticleCount>256</ParticleCount>
      <ParticlesPerSecond>1024</ParticlesPerSecond>
      <Duration>4</Duration>
      <InitialDelay>0</InitialDelay>
      <TextureName>Textures/Particles/particle</TextureName>
      <BlendMode>Additive</BlendMode>
      <Position>
        <X>0</X>
        <Y>0</Y>
      </Position>
      <Color>
        <X>1</X>
        <Y>1</Y>
        <Z>0.1254902</Z>
        <W>1</W>
      </Color>
      <VelocityMinimum>128</VelocityMinimum>
      <VelocityMaximum>256</VelocityMaximum>
      <AccelerationMinimum>-32</AccelerationMinimum>
      <AccelerationMaximum>-64</AccelerationMaximum>
      <ScaleMinimum>0.1</ScaleMinimum>
      <ScaleMaximum>0.2</ScaleMaximum>
      <OpacityMinimum>0.25</OpacityMinimum>
      <OpacityMaximum>1</OpacityMaximum>
      <DurationMinimum>4</DurationMinimum>
      <DurationMaximum>4</DurationMaximum>
      <ReleaseAngleMinimum>0</ReleaseAngleMinimum>
      <ReleaseAngleMaximum>360</ReleaseAngleMaximum>
      <ReleaseDistanceMinimum>0</ReleaseDistanceMinimum>
      <ReleaseDistanceMaximum>0</ReleaseDistanceMaximum>
      <ScaleDeltaPerSecond>0</ScaleDeltaPerSecond>
      <AngularVelocity>0</AngularVelocity>
      <OpacityDeltaPerSecond>-0.33</OpacityDeltaPerSecond>
    </ParticleSystem>
  </ParticleSystems>
</ParticleEffect>