<?xml version="1.0"?>
<ParticleEffect xmlns:xsi="http://www.w3.org/2001/XMLSchema-instance" xmlns:xsd="http://www.w3.org/2001/XMLSchema">
  <Name>ParticleEffect</Name>
  <Position>
    <X>400</X>
    <Y>300</Y>
  </Position>
  <ParticleSystems>
    <ParticleSystem>
      <Name>Noise</Name>
      <ParticleCount>256</ParticleCount>
      <ParticlesPerSecond>32</ParticlesPerSecond>
      <Duration>0</Duration>
      <InitialDelay>0</InitialDelay>
      <TextureName>Textures/Particles/particle</TextureName>
      <BlendMode>Additive</BlendMode>
      <Position>
        <X>400</X>
        <Y>300</Y>
      </Position>
      <Color>
        <X>0.7529412</X>
        <Y>0.5019608</Y>
        <Z>0.1254902</Z>
        <W>1</W>
      </Color>
      <VelocityMinimum>0</VelocityMinimum>
      <VelocityMaximum>0</VelocityMaximum>
      <AccelerationMinimum>0</AccelerationMinimum>
      <AccelerationMaximum>0</AccelerationMaximum>
      <ScaleMinimum>0</ScaleMinimum>
      <ScaleMaximum>0</ScaleMaximum>
      <OpacityMinimum>1</OpacityMinimum>
      <OpacityMaximum>1</OpacityMaximum>
      <DurationMinimum>3</DurationMinimum>
      <DurationMaximum>3</DurationMaximum>
      <ReleaseAngleMinimum>0</ReleaseAngleMinimum>
      <ReleaseAngleMaximum>360</ReleaseAngleMaximum>
      <ReleaseDistanceMinimum>0</ReleaseDistanceMinimum>
      <ReleaseDistanceMaximum>32</ReleaseDistanceMaximum>
      <ScaleDeltaPerSecond>0.5</ScaleDeltaPerSecond>
      <AngularVelocity>0</AngularVelocity>
      <OpacityDeltaPerSecond>-0.5</OpacityDeltaPerSecond>
    </ParticleSystem>
    <ParticleSystem>
      <Name>Blast</Name>
      <ParticleCount>8</ParticleCount>
      <ParticlesPerSecond>1000</ParticlesPerSecond>
      <Duration>1</Duration>
      <InitialDelay>0</InitialDelay>
      <TextureName>Textures/Particles/particle</TextureName>
      <BlendMode>Additive</BlendMode>
      <Position>
        <X>400</X>
        <Y>300</Y>
      </Position>
      <Color>
        <X>0.25</X>
        <Y>0.25</Y>
        <Z>0.75</Z>
        <W>1</W>
      </Color>
      <VelocityMinimum>0</VelocityMinimum>
      <VelocityMaximum>0</VelocityMaximum>
      <AccelerationMinimum>0</AccelerationMinimum>
      <AccelerationMaximum>0</AccelerationMaximum>
      <ScaleMinimum>0</ScaleMinimum>
      <ScaleMaximum>0</ScaleMaximum>
      <OpacityMinimum>1</OpacityMinimum>
      <OpacityMaximum>0.75</OpacityMaximum>
      <DurationMinimum>3</DurationMinimum>
      <DurationMaximum>3</DurationMaximum>
      <ReleaseAngleMinimum>0</ReleaseAngleMinimum>
      <ReleaseAngleMaximum>360</ReleaseAngleMaximum>
      <ReleaseDistanceMinimum>0</ReleaseDistanceMinimum>
      <ReleaseDistanceMaximum>0</ReleaseDistanceMaximum>
      <ScaleDeltaPerSecond>4</ScaleDeltaPerSecond>
      <AngularVelocity>0</AngularVelocity>
      <OpacityDeltaPerSecond>-0.5</OpacityDeltaPerSecond>
    </ParticleSystem>
  </ParticleSystems>
</ParticleEffect>